,y_true,preidctions
0,0.5232558,0.29818624
1,0.5458276,0.3107382
2,0.53009576,0.31544802
3,0.48358414,0.27595106
4,0.47058824,0.26388514
5,0.4603283,0.25888658
6,0.44528043,0.2424394
